position,depth,median_wall_ms,maximum_wall_ms,median_cpu_ms,nodes,tt_entries,tt_hits,search_cutoffs,leaf_evaluations,nodes_per_second,retained_tt_bytes,traced_peak_bytes,move
empty,4,2.302333014085889,2.3214169777929783,2.2969999999995494,594,143,15,71,436,257999.16709088234,31240,34672,3
empty,6,17.531249905005097,17.549458192661405,17.520000000000202,5052,1447,396,914,3209,288171.12455613766,340592,371512,3
empty,8,100.39820894598961,102.60112513788044,100.34300000000007,29425,8400,2725,5639,17534,293082.9176029377,1880568,1920184,3
empty,10,411.5846659988165,415.822375100106,411.2819999999999,128308,38395,15828,27477,68511,311741.4485999557,8659752,8823136,2
near-opening,4,2.1218329202383757,2.1627089008688927,2.1210000000007057,569,155,19,91,383,268164.3755136366,36436,39840,3
near-opening,6,14.469000045210123,14.625916024670005,14.466000000000534,4258,1186,394,806,2516,294284.33110065444,269252,277836,3
near-opening,8,78.28633394092321,81.31466689519584,78.18799999999904,24054,6699,2903,4939,13224,307256.6920575402,1611972,1644400,3
near-opening,10,300.8568331133574,303.1964998226613,300.339000000001,99441,28999,14340,22095,49039,330525.9813146156,7073312,7201488,3
midgame,4,0.9715831838548183,0.9757908992469311,0.9709999999998331,339,81,0,37,184,348915.0549672915,20216,23784,3
midgame,6,2.9442920349538326,2.9956249054521322,2.944000000001168,1166,333,61,167,492,396020.4986997097,79708,84528,3
midgame,8,6.522415904328227,6.885624956339598,6.52400000000064,2784,880,284,452,948,426835.7064063575,219432,226416,3
midgame,10,12.04579183831811,12.048250064253807,12.046000000001555,5389,1881,700,993,1543,447376.1519651528,458720,469168,3
midgame-wide,4,2.587833907455206,2.6124161668121815,2.587000000000117,726,169,25,100,494,280543.50702666445,40580,42992,3
midgame-wide,6,9.171999990940094,9.210916003212333,9.168000000000731,3036,830,242,582,1577,331007.4141952569,211948,216824,3
midgame-wide,8,21.48995897732675,21.517625078558922,21.48799999999973,8069,2682,796,1950,3203,375477.68278726353,637712,648328,3
midgame-wide,10,45.43216689489782,45.75408296659589,45.42199999999852,19097,6730,2759,5110,5850,420340.945748389,1711536,1735096,3
late,4,0.11295895092189312,0.11758296750485897,0.11300000000069588,41,20,3,4,18,362963.7108470489,5460,8144,4
late,6,0.3090000245720148,0.41979202069342136,0.30899999999967065,119,63,6,18,47,385113.23798379226,15368,18048,4
late,8,0.6334579084068537,0.642749946564436,0.6329999999987734,276,166,11,72,70,435703.77184829826,37512,40552,4
late,10,1.0802079923450947,1.0869998950511217,1.0799999999999699,506,328,22,166,78,468428.30601678044,73600,77652,6
immediate-win,4,1.0329580400139093,1.049292040988803,1.0310000000011144,316,101,25,81,153,305917.55691813474,26330,29512,0
immediate-win,6,6.752708926796913,6.907708942890167,6.752999999999787,2015,569,212,412,1155,298398.7643838511,129984,135848,0
immediate-win,8,40.36104190163314,40.56020802818239,40.302999999999756,12470,3636,1470,2697,6857,308961.30061239627,850840,871804,0
immediate-win,10,182.7989590819925,185.35258318297565,182.7210000000008,59934,18565,8028,14178,30391,327868.38776864833,4192160,4281912,0
forced-reply,4,1.234040828421712,1.2522910255938768,1.2330000000027042,345,92,0,52,211,279569.3562596636,24252,28824,0
forced-reply,6,4.985834006220102,4.989624954760075,4.982000000001818,1540,479,85,315,815,308875.1045619981,114592,120516,0
forced-reply,8,26.362583972513676,26.642167009413242,26.348999999999734,8293,2663,632,1865,4384,314574.62624477554,593368,611868,0
forced-reply,10,89.84400006011128,109.99183310195804,89.83399999999975,30407,10297,3522,7563,13904,338442.1884561663,2307020,2369188,0
double-threat-loss,4,0.1396660227328539,0.13995799235999584,0.13999999999825263,81,38,0,32,0,579954.9411880419,10414,13520,3
double-threat-loss,6,0.14129187911748886,0.1421249471604824,0.1409999999992806,81,38,0,32,0,573281.3556301125,10442,13520,3
double-threat-loss,8,0.13924995437264442,0.14108396135270596,0.1390000000007774,81,38,0,32,0,581687.8028070105,10414,13520,3
double-threat-loss,10,0.13999990187585354,0.14008302241563797,0.13999999999825263,81,38,0,32,0,578571.834084767,10442,13520,3
dense-endgame,4,0.013084150850772858,0.013874843716621399,0.012999999999152578,4,3,0,0,0,305713.38145063707,1516,4336,6
dense-endgame,6,0.013707904145121574,0.0160830095410347,0.012999999999152578,4,3,0,0,0,291802.448985138,1516,4336,6
dense-endgame,8,0.014666933566331863,0.03800005652010441,0.014999999997655777,4,3,0,0,0,272722.3098072832,1516,4336,6
dense-endgame,10,0.014208024367690086,0.01695798709988594,0.014000000000180535,4,3,0,0,0,281531.0486865608,1544,4336,6
quiet-5,4,1.2405409943312407,1.2674168683588505,1.240999999996717,399,103,13,64,250,321633.8692741836,27436,30080,4
quiet-5,6,6.0209170915186405,6.021666107699275,6.015000000001436,2255,678,201,490,1065,374527.6617704143,163316,167456,2
quiet-5,8,15.551958931609988,15.98691614344716,15.54100000000247,6563,2261,824,1688,2274,422004.7152169645,554872,564360,2
quiet-5,10,21.996833151206374,22.30679104104638,21.994000000002956,10140,4174,1539,3124,2152,460975.4472517737,1032280,1049216,2
supplement-main-003,4,2.7112499810755253,2.8235421050339937,2.707000000000015,746,158,46,89,540,275149.8405558566,37020,39976,4
supplement-main-003,6,19.00137518532574,19.317666068673134,18.971999999999767,5647,1422,711,1027,3399,297189.0163171468,356036,387536,4
supplement-main-003,8,70.83850004710257,75.2114171627909,70.81599999999978,24897,7303,4032,5624,12416,351461.42258016847,1748532,1764168,4
supplement-main-003,10,235.4471660219133,248.45933308824897,235.30499999999986,87810,28395,16340,22427,36833,372949.91264336323,7005676,7063416,4
