completion_index,fixture_id,round,cycle,red_entrant_id,red_label,red_type,red_depth,red_simulations,yellow_entrant_id,yellow_label,yellow_type,yellow_depth,yellow_simulations,game_seed,result,winner_entrant_id,move_count,move_columns
0,c1-h1-r1-f1,1,1,entrant-4,Negamax · depth 6,negamax,6,,entrant-3,Negamax · depth 4,negamax,4,,933568870,win,entrant-4,39,3|3|3|3|3|3|2|4|4|4|4|2|2|2|2|4|2|1|6|6|1|1|1|1|4|6|6|1|5|0|0|0|0|0|0|6|6|5|5
1,c1-h1-r1-f2,1,1,entrant-1,Random,random,,,entrant-6,MCTS · 100 simulations,mcts,,100,3814887639,win,entrant-6,10,2|3|2|5|0|3|4|3|4|3
2,c1-h1-r1-f3,1,1,entrant-2,Negamax · depth 2,negamax,2,,entrant-7,MCTS · 400 simulations,mcts,,400,3101561526,win,entrant-7,28,3|3|3|3|3|5|5|1|5|1|1|5|1|1|5|0|0|3|0|0|1|2|5|4|6|4|2|4
3,c1-h1-r1-f4,1,1,entrant-5,Negamax · depth 8,negamax,8,,entrant-8,MCTS · 800 simulations,mcts,,800,1399293137,win,entrant-5,37,3|1|3|3|3|5|3|5|5|1|1|1|3|2|2|1|5|5|1|5|0|0|0|0|0|0|4|4|4|4|6|6|4|6|4|6|6
4,c1-h1-r2-f1,2,1,entrant-4,Negamax · depth 6,negamax,6,,entrant-1,Random,random,,,2280704914,win,entrant-4,7,3|2|3|0|3|4|3
5,c1-h1-r2-f2,2,1,entrant-7,MCTS · 400 simulations,mcts,,400,entrant-3,Negamax · depth 4,negamax,4,,70336769,win,entrant-3,36,3|3|1|2|1|3|1|1|3|3|0|4|4|4|0|3|1|4|0|0|4|4|6|1|6|0|6|6|6|6|5|0|5|5|5|5
6,c1-h1-r2-f3,2,1,entrant-6,MCTS · 100 simulations,mcts,,100,entrant-8,MCTS · 800 simulations,mcts,,800,3770752338,win,entrant-8,28,0|3|5|1|3|4|2|2|3|3|0|0|4|4|5|4|3|0|4|0|0|5|2|2|5|1|5|1
7,c1-h1-r2-f4,2,1,entrant-5,Negamax · depth 8,negamax,8,,entrant-2,Negamax · depth 2,negamax,2,,3429558685,win,entrant-5,39,3|3|3|3|3|3|2|4|4|4|4|2|2|2|2|4|2|1|6|6|1|1|1|6|4|6|6|1|6|1|5|0|0|0|0|0|0|5|5
8,c1-h1-r3-f1,3,1,entrant-7,MCTS · 400 simulations,mcts,,400,entrant-4,Negamax · depth 6,negamax,6,,205052905,win,entrant-7,39,3|3|4|2|4|4|6|5|4|3|3|3|0|4|0|3|0|0|0|4|0|6|6|6|6|6|5|1|1|1|1|1|1|5|5|5|5|2|2
9,c1-h1-r3-f2,3,1,entrant-1,Random,random,,,entrant-8,MCTS · 800 simulations,mcts,,800,2515683901,win,entrant-8,14,3|4|0|3|2|1|4|3|6|2|0|4|0|4
10,c1-h1-r3-f3,3,1,entrant-3,Negamax · depth 4,negamax,4,,entrant-5,Negamax · depth 8,negamax,8,,1121405574,win,entrant-3,39,3|3|3|3|3|3|2|4|4|5|4|4|4|4|0|1|0|0|0|2|2|2|2|2|0|0|6|6|6|6|6|6|1|1|1|1|1|5|5
11,c1-h1-r3-f4,3,1,entrant-6,MCTS · 100 simulations,mcts,,100,entrant-2,Negamax · depth 2,negamax,2,,3831847868,win,entrant-2,38,4|4|2|3|3|4|2|2|3|4|4|3|2|2|6|3|4|2|1|1|0|6|1|3|1|1|1|0|0|6|6|6|6|0|0|0|5|5
12,c1-h1-r4-f1,4,1,entrant-8,MCTS · 800 simulations,mcts,,800,entrant-4,Negamax · depth 6,negamax,6,,1211351997,win,entrant-4,22,3|3|3|3|2|4|2|2|1|0|1|2|4|3|4|4|0|4|0|4|1|1
13,c1-h1-r4-f2,4,1,entrant-7,MCTS · 400 simulations,mcts,,400,entrant-5,Negamax · depth 8,negamax,8,,101652647,win,entrant-5,26,3|3|3|3|5|4|2|4|5|5|1|0|2|2|1|3|4|4|0|2|5|2|2|4|1|1
14,c1-h1-r4-f3,4,1,entrant-1,Random,random,,,entrant-2,Negamax · depth 2,negamax,2,,2808127449,win,entrant-2,14,1|3|4|4|5|3|1|5|0|4|5|5|2|2
15,c1-h1-r4-f4,4,1,entrant-3,Negamax · depth 4,negamax,4,,entrant-6,MCTS · 100 simulations,mcts,,100,1641106643,win,entrant-3,15,3|1|3|2|2|1|1|5|3|3|2|4|4|6|4
16,c1-h1-r5-f1,5,1,entrant-5,Negamax · depth 8,negamax,8,,entrant-4,Negamax · depth 6,negamax,6,,1585930515,draw,,42,3|3|3|3|3|3|2|1|1|1|1|4|1|4|4|2|2|5|5|5|5|5|5|1|2|2|2|4|4|4|0|0|0|0|0|0|6|6|6|6|6|6
17,c1-h1-r5-f2,5,1,entrant-8,MCTS · 800 simulations,mcts,,800,entrant-2,Negamax · depth 2,negamax,2,,771010839,win,entrant-2,38,3|3|4|2|2|3|5|6|2|3|3|2|4|4|5|4|4|2|6|3|6|6|6|6|1|4|0|2|0|0|0|0|1|1|1|0|1|1
18,c1-h1-r5-f3,5,1,entrant-6,MCTS · 100 simulations,mcts,,100,entrant-7,MCTS · 400 simulations,mcts,,400,1689777308,win,entrant-7,8,6|3|3|2|3|4|1|5
19,c1-h1-r5-f4,5,1,entrant-1,Random,random,,,entrant-3,Negamax · depth 4,negamax,4,,2049441297,win,entrant-3,26,5|3|3|3|3|3|0|5|0|5|5|5|2|2|3|2|2|2|2|5|6|1|0|0|1|1
20,c1-h1-r6-f1,6,1,entrant-2,Negamax · depth 2,negamax,2,,entrant-4,Negamax · depth 6,negamax,6,,1541378301,win,entrant-2,39,3|3|3|3|3|3|2|1|1|1|1|4|2|1|2|2|2|2|1|4|4|4|4|4|0|5|0|0|0|6|6|0|6|0|6|6|6|5|5
21,c1-h1-r6-f2,6,1,entrant-5,Negamax · depth 8,negamax,8,,entrant-6,MCTS · 100 simulations,mcts,,100,3196358445,win,entrant-5,27,3|2|3|1|3|3|2|2|1|1|2|6|2|6|3|6|6|1|1|2|0|0|0|5|0|6|0
22,c1-h1-r6-f3,6,1,entrant-3,Negamax · depth 4,negamax,4,,entrant-8,MCTS · 800 simulations,mcts,,800,1321328146,win,entrant-8,24,3|4|3|3|3|4|3|4|4|0|4|0|3|2|4|5|5|5|1|0|0|2|2|2
23,c1-h1-r6-f4,6,1,entrant-7,MCTS · 400 simulations,mcts,,400,entrant-1,Random,random,,,2598259288,win,entrant-7,7,2|2|5|2|3|2|4
24,c1-h1-r7-f1,7,1,entrant-4,Negamax · depth 6,negamax,6,,entrant-6,MCTS · 100 simulations,mcts,,100,1938920488,win,entrant-4,15,3|1|3|3|3|4|4|6|1|3|0|6|2|3|2
25,c1-h1-r7-f2,7,1,entrant-3,Negamax · depth 4,negamax,4,,entrant-2,Negamax · depth 2,negamax,2,,1366102200,win,entrant-3,39,3|3|3|3|3|3|2|4|4|4|4|2|2|2|2|4|2|1|1|1|1|1|6|6|6|6|4|6|6|1|5|0|0|0|0|0|0|5|5
26,c1-h1-r7-f3,7,1,entrant-1,Random,random,,,entrant-5,Negamax · depth 8,negamax,8,,662083872,win,entrant-5,24,5|3|0|3|3|3|3|3|2|2|2|2|0|2|5|5|5|0|4|0|1|4|1|1
27,c1-h1-r7-f4,7,1,entrant-7,MCTS · 400 simulations,mcts,,400,entrant-8,MCTS · 800 simulations,mcts,,800,2246292165,win,entrant-8,34,3|2|3|5|2|3|4|4|3|2|2|4|4|3|3|1|6|6|0|0|6|0|0|4|0|6|6|2|6|2|4|0|5|5
28,c1-h2-r1-f1,8,1,entrant-3,Negamax · depth 4,negamax,4,,entrant-4,Negamax · depth 6,negamax,6,,1977181790,draw,,42,3|3|3|3|3|3|2|1|5|4|4|4|5|5|5|1|1|2|2|2|2|4|1|1|2|5|4|4|5|1|6|0|0|0|0|0|0|6|6|6|6|6
29,c1-h2-r1-f2,8,1,entrant-6,MCTS · 100 simulations,mcts,,100,entrant-1,Random,random,,,3169704574,win,entrant-6,9,0|5|2|3|0|3|0|5|0
30,c1-h2-r1-f3,8,1,entrant-7,MCTS · 400 simulations,mcts,,400,entrant-2,Negamax · depth 2,negamax,2,,352812720,win,entrant-2,34,3|3|6|3|4|5|1|2|4|4|3|4|4|3|1|1|6|6|4|3|6|1|1|0|1|6|6|0|0|0|0|0|5|5
31,c1-h2-r1-f4,8,1,entrant-8,MCTS · 800 simulations,mcts,,800,entrant-5,Negamax · depth 8,negamax,8,,769190096,win,entrant-5,32,3|3|4|2|3|3|6|5|2|3|2|1|2|2|5|5|5|5|6|3|6|6|1|1|4|2|1|1|6|4|1|4
32,c1-h2-r2-f1,9,1,entrant-1,Random,random,,,entrant-4,Negamax · depth 6,negamax,6,,2531453626,win,entrant-4,12,2|4|5|2|5|5|5|4|5|4|0|4
33,c1-h2-r2-f2,9,1,entrant-3,Negamax · depth 4,negamax,4,,entrant-7,MCTS · 400 simulations,mcts,,400,1013195302,win,entrant-3,33,3|3|3|1|3|4|4|3|4|1|4|4|1|6|1|3|1|1|4|6|6|6|5|6|6|0|0|0|0|0|2|0|2
34,c1-h2-r2-f3,9,1,entrant-8,MCTS · 800 simulations,mcts,,800,entrant-6,MCTS · 100 simulations,mcts,,100,2700692263,win,entrant-8,19,3|1|3|1|3|3|6|1|1|5|5|4|4|6|5|3|4|6|6
35,c1-h2-r2-f4,9,1,entrant-2,Negamax · depth 2,negamax,2,,entrant-5,Negamax · depth 8,negamax,8,,3109749429,win,entrant-2,39,3|3|3|3|3|3|2|4|4|5|4|4|4|4|0|1|0|0|0|2|2|2|2|2|0|0|6|6|6|6|6|6|1|1|1|1|1|5|5
36,c1-h2-r3-f1,10,1,entrant-4,Negamax · depth 6,negamax,6,,entrant-7,MCTS · 400 simulations,mcts,,400,3801680202,win,entrant-4,23,3|4|3|4|3|3|4|0|4|0|4|4|3|0|0|1|3|1|1|6|2|2|2
37,c1-h2-r3-f2,10,1,entrant-8,MCTS · 800 simulations,mcts,,800,entrant-1,Random,random,,,2864286861,win,entrant-8,7,4|6|3|4|2|5|1
38,c1-h2-r3-f3,10,1,entrant-5,Negamax · depth 8,negamax,8,,entrant-3,Negamax · depth 4,negamax,4,,2888582267,win,entrant-5,39,3|3|3|3|3|3|2|4|4|4|4|2|2|2|2|4|2|1|6|6|1|1|1|1|4|6|6|1|5|0|0|0|0|0|0|6|6|5|5
39,c1-h2-r3-f4,10,1,entrant-2,Negamax · depth 2,negamax,2,,entrant-6,MCTS · 100 simulations,mcts,,100,1092914107,win,entrant-2,35,3|3|3|4|3|4|4|3|4|1|4|4|1|0|1|1|3|5|5|6|5|2|5|5|5|0|0|0|0|0|1|1|6|6|6
40,c1-h2-r4-f1,11,1,entrant-4,Negamax · depth 6,negamax,6,,entrant-8,MCTS · 800 simulations,mcts,,800,370729865,win,entrant-4,35,3|4|3|3|3|1|4|1|3|1|1|4|4|4|3|0|4|1|1|0|0|2|5|5|5|5|0|0|0|5|5|2|2|6|2
41,c1-h2-r4-f2,11,1,entrant-5,Negamax · depth 8,negamax,8,,entrant-7,MCTS · 400 simulations,mcts,,400,675086648,win,entrant-5,29,3|4|3|4|3|3|4|1|4|1|4|4|1|0|3|1|3|2|1|0|1|5|6|6|6|0|0|2|2
42,c1-h2-r4-f3,11,1,entrant-2,Negamax · depth 2,negamax,2,,entrant-1,Random,random,,,4058927489,win,entrant-2,7,3|0|4|5|2|5|1
43,c1-h2-r4-f4,11,1,entrant-6,MCTS · 100 simulations,mcts,,100,entrant-3,Negamax · depth 4,negamax,4,,2941949756,win,entrant-3,36,3|3|4|2|4|4|3|3|6|5|1|4|4|3|1|1|6|3|1|4|5|2|6|6|1|1|6|6|0|0|0|0|0|0|5|5
44,c1-h2-r5-f1,12,1,entrant-4,Negamax · depth 6,negamax,6,,entrant-5,Negamax · depth 8,negamax,8,,1348047715,draw,,42,3|3|3|3|3|3|2|4|4|5|4|4|4|4|0|1|2|2|2|2|2|0|1|1|1|1|0|1|5|5|5|5|5|0|0|0|6|6|6|6|6|6
45,c1-h2-r5-f2,12,1,entrant-2,Negamax · depth 2,negamax,2,,entrant-8,MCTS · 800 simulations,mcts,,800,2308456021,win,entrant-8,38,3|2|2|2|3|3|3|2|2|5|5|3|5|5|3|2|6|6|5|1|5|6|6|6|6|1|1|1|1|1|0|0|0|0|0|0|4|4
46,c1-h2-r5-f3,12,1,entrant-7,MCTS · 400 simulations,mcts,,400,entrant-6,MCTS · 100 simulations,mcts,,100,511619906,win,entrant-6,40,2|1|2|4|2|2|1|5|6|2|4|1|1|5|5|0|0|4|0|4|4|1|2|5|3|3|6|0|4|0|0|1|6|6|6|6|5|5|3|3
47,c1-h2-r5-f4,12,1,entrant-3,Negamax · depth 4,negamax,4,,entrant-1,Random,random,,,575751906,win,entrant-3,7,3|1|3|4|3|6|3
48,c1-h2-r6-f1,13,1,entrant-4,Negamax · depth 6,negamax,6,,entrant-2,Negamax · depth 2,negamax,2,,417524983,win,entrant-4,41,3|3|3|3|3|3|2|4|4|4|4|2|2|2|2|4|2|1|6|6|1|1|1|6|1|6|6|6|4|1|5|0|5|5|5|5|5|0|0|0|0
49,c1-h2-r6-f2,13,1,entrant-6,MCTS · 100 simulations,mcts,,100,entrant-5,Negamax · depth 8,negamax,8,,3226192353,win,entrant-5,36,2|3|3|3|3|3|2|2|6|2|1|2|2|3|5|5|1|1|6|6|6|6|5|1|1|5|6|1|5|5|4|4|4|4|4|4
50,c1-h2-r6-f3,13,1,entrant-8,MCTS · 800 simulations,mcts,,800,entrant-3,Negamax · depth 4,negamax,4,,1727519122,win,entrant-3,36,2|3|3|3|5|3|5|2|5|5|2|3|3|2|2|5|4|4|2|5|1|1|6|6|6|6|6|6|0|0|1|1|1|1|4|4
51,c1-h2-r6-f4,13,1,entrant-1,Random,random,,,entrant-7,MCTS · 400 simulations,mcts,,400,1399703638,win,entrant-7,12,6|3|1|2|5|6|0|2|3|2|0|2
52,c1-h2-r7-f1,14,1,entrant-6,MCTS · 100 simulations,mcts,,100,entrant-4,Negamax · depth 6,negamax,6,,2366060633,win,entrant-4,16,3|3|2|4|0|1|2|2|2|3|4|4|0|1|1|1
53,c1-h2-r7-f2,14,1,entrant-2,Negamax · depth 2,negamax,2,,entrant-3,Negamax · depth 4,negamax,4,,3690168742,win,entrant-2,41,3|3|3|3|3|3|2|4|4|4|4|2|2|2|2|4|2|1|1|1|1|6|1|5|5|5|5|5|6|4|5|6|6|1|0|6|0|0|6|0|0
54,c1-h2-r7-f3,14,1,entrant-5,Negamax · depth 8,negamax,8,,entrant-1,Random,random,,,3843976104,win,entrant-5,7,3|2|3|2|3|0|3
55,c1-h2-r7-f4,14,1,entrant-8,MCTS · 800 simulations,mcts,,800,entrant-7,MCTS · 400 simulations,mcts,,400,4194093044,win,entrant-8,21,3|3|2|4|1|0|2|2|3|3|1|1|1|0|2|0|0|2|4|1|5
56,c2-h1-r1-f1,15,2,entrant-4,Negamax · depth 6,negamax,6,,entrant-3,Negamax · depth 4,negamax,4,,1438726008,win,entrant-4,39,3|3|3|3|3|3|2|4|4|4|4|2|2|2|2|4|2|1|6|6|1|1|1|1|4|6|6|1|5|0|0|0|0|0|0|6|6|5|5
57,c2-h1-r1-f2,15,2,entrant-1,Random,random,,,entrant-6,MCTS · 100 simulations,mcts,,100,1451229366,win,entrant-6,8,0|3|3|4|4|2|4|1
58,c2-h1-r1-f3,15,2,entrant-7,MCTS · 400 simulations,mcts,,400,entrant-2,Negamax · depth 2,negamax,2,,1387908243,win,entrant-7,39,4|4|1|3|3|3|4|3|4|3|3|4|1|1|1|1|2|4|6|5|1|5|0|0|5|5|6|0|6|6|0|5|6|0|5|0|6|2|2
59,c2-h1-r1-f4,15,2,entrant-5,Negamax · depth 8,negamax,8,,entrant-8,MCTS · 800 simulations,mcts,,800,3834686730,win,entrant-8,34,3|4|3|3|3|4|3|4|4|0|4|0|5|0|0|6|3|2|4|0|2|2|2|6|6|1|2|2|0|6|6|6|1|1
60,c2-h1-r2-f1,16,2,entrant-4,Negamax · depth 6,negamax,6,,entrant-1,Random,random,,,3506525539,win,entrant-4,11,3|4|3|3|3|1|4|2|2|0|1
61,c2-h1-r2-f2,16,2,entrant-3,Negamax · depth 4,negamax,4,,entrant-7,MCTS · 400 simulations,mcts,,400,1627322263,win,entrant-3,21,3|5|3|4|4|5|5|4|4|3|3|3|5|5|4|2|3|1|1|2|2
62,c2-h1-r2-f3,16,2,entrant-6,MCTS · 100 simulations,mcts,,100,entrant-8,MCTS · 800 simulations,mcts,,800,2137231367,win,entrant-6,29,3|4|0|2|5|4|4|2|2|3|5|3|3|6|5|5|4|6|3|6|6|4|3|0|4|0|2|0|2
63,c2-h1-r2-f4,16,2,entrant-2,Negamax · depth 2,negamax,2,,entrant-5,Negamax · depth 8,negamax,8,,1668290356,win,entrant-2,39,3|3|3|3|3|3|2|4|4|5|4|4|4|4|0|1|0|0|0|2|2|2|2|2|0|0|6|6|6|6|6|6|1|1|1|1|1|5|5
64,c2-h1-r3-f1,17,2,entrant-4,Negamax · depth 6,negamax,6,,entrant-7,MCTS · 400 simulations,mcts,,400,2185440041,win,entrant-4,33,3|1|3|3|3|1|1|6|3|4|4|6|1|0|3|6|6|1|1|0|4|0|0|4|4|6|4|0|5|0|6|5|5
65,c2-h1-r3-f2,17,2,entrant-8,MCTS · 800 simulations,mcts,,800,entrant-1,Random,random,,,1446922031,win,entrant-8,7,3|4|3|0|3|1|3
66,c2-h1-r3-f3,17,2,entrant-3,Negamax · depth 4,negamax,4,,entrant-5,Negamax · depth 8,negamax,8,,3944446935,win,entrant-3,39,3|3|3|3|3|3|2|4|4|5|4|4|4|4|0|1|0|0|0|2|2|2|2|2|0|0|6|6|6|6|6|6|1|1|1|1|1|5|5
67,c2-h1-r3-f4,17,2,entrant-6,MCTS · 100 simulations,mcts,,100,entrant-2,Negamax · depth 2,negamax,2,,2722636330,win,entrant-2,34,3|3|4|2|2|3|3|2|3|2|4|4|6|5|3|4|4|2|2|4|6|6|6|6|6|1|0|0|0|0|0|0|1|1
68,c2-h1-r4-f1,18,2,entrant-8,MCTS · 800 simulations,mcts,,800,entrant-4,Negamax · depth 6,negamax,6,,2022375485,win,entrant-8,35,3|3|2|4|0|1|2|2|3|2|3|2|2|3|0|3|6|0|0|0|6|6|6|6|4|4|4|4|5|4|6|0|5|1|1
69,c2-h1-r4-f2,18,2,entrant-5,Negamax · depth 8,negamax,8,,entrant-7,MCTS · 400 simulations,mcts,,400,1840716684,win,entrant-7,36,3|3|3|5|3|5|3|3|1|2|2|2|2|6|2|5|5|6|5|6|6|6|0|0|6|1|2|5|0|0|0|0|1|4|4|1
70,c2-h1-r4-f3,18,2,entrant-1,Random,random,,,entrant-2,Negamax · depth 2,negamax,2,,3727301749,win,entrant-2,8,1|3|0|4|4|5|0|2
71,c2-h1-r4-f4,18,2,entrant-6,MCTS · 100 simulations,mcts,,100,entrant-3,Negamax · depth 4,negamax,4,,3173719259,win,entrant-3,26,3|3|2|4|0|1|3|3|0|3|3|0|4|4|2|4|2|2|0|2|4|2|4|5|5|5
72,c2-h1-r5-f1,19,2,entrant-4,Negamax · depth 6,negamax,6,,entrant-5,Negamax · depth 8,negamax,8,,693974840,draw,,42,3|3|3|3|3|3|2|4|4|5|4|4|4|4|0|1|2|2|2|2|2|0|1|1|1|1|0|1|5|5|5|5|5|0|0|0|6|6|6|6|6|6
73,c2-h1-r5-f2,19,2,entrant-8,MCTS · 800 simulations,mcts,,800,entrant-2,Negamax · depth 2,negamax,2,,3581520710,win,entrant-2,34,3|3|6|3|4|5|4|4|1|2|4|3|3|4|6|6|1|1|4|3|6|1|1|1|0|6|0|0|0|0|6|0|2|2
74,c2-h1-r5-f3,19,2,entrant-7,MCTS · 400 simulations,mcts,,400,entrant-6,MCTS · 100 simulations,mcts,,100,1164522708,win,entrant-7,27,3|4|0|2|2|3|2|4|4|3|2|2|3|0|2|4|6|6|4|6|6|0|0|6|1|5|1
75,c2-h1-r5-f4,19,2,entrant-1,Random,random,,,entrant-3,Negamax · depth 4,negamax,4,,1377093161,win,entrant-3,10,6|4|2|2|4|2|1|2|6|2
76,c2-h1-r6-f1,20,2,entrant-4,Negamax · depth 6,negamax,6,,entrant-2,Negamax · depth 2,negamax,2,,1136782220,win,entrant-4,41,3|3|3|3|3|3|2|4|4|4|4|2|2|2|2|4|2|1|6|6|1|1|1|6|1|6|6|6|4|1|5|0|5|5|5|5|5|0|0|0|0
77,c2-h1-r6-f2,20,2,entrant-5,Negamax · depth 8,negamax,8,,entrant-6,MCTS · 100 simulations,mcts,,100,3390867076,win,entrant-5,25,3|3|3|1|3|3|5|4|4|5|5|4|5|4|4|1|3|1|1|5|6|5|6|0|6
78,c2-h1-r6-f3,20,2,entrant-8,MCTS · 800 simulations,mcts,,800,entrant-3,Negamax · depth 4,negamax,4,,1382176244,win,entrant-3,34,6|4|3|3|4|3|3|4|1|2|1|1|0|1|6|3|6|6|0|0|1|3|0|6|5|4|0|4|4|6|5|5|5|5
79,c2-h1-r6-f4,20,2,entrant-1,Random,random,,,entrant-7,MCTS · 400 simulations,mcts,,400,1244113659,win,entrant-7,14,0|5|6|2|3|2|5|3|5|0|3|2|5|2
80,c2-h1-r7-f1,21,2,entrant-6,MCTS · 100 simulations,mcts,,100,entrant-4,Negamax · depth 6,negamax,6,,3364975800,win,entrant-4,18,4|2|3|4|6|5|3|3|5|3|1|4|4|5|1|2|0|2
81,c2-h1-r7-f2,21,2,entrant-2,Negamax · depth 2,negamax,2,,entrant-3,Negamax · depth 4,negamax,4,,1429119282,win,entrant-2,41,3|3|3|3|3|3|2|4|4|4|4|2|2|2|2|4|2|1|1|1|1|6|1|5|5|5|5|5|6|4|5|6|6|1|0|6|0|0|6|0|0
82,c2-h1-r7-f3,21,2,entrant-1,Random,random,,,entrant-5,Negamax · depth 8,negamax,8,,690021711,win,entrant-5,18,5|3|2|3|3|3|6|3|5|2|0|5|6|3|4|4|1|1
83,c2-h1-r7-f4,21,2,entrant-8,MCTS · 800 simulations,mcts,,800,entrant-7,MCTS · 400 simulations,mcts,,400,3806550245,win,entrant-7,36,4|2|4|4|1|6|1|1|2|4|4|1|1|6|2|2|6|6|1|0|2|5|3|3|0|4|0|0|6|6|0|0|5|2|3|3
84,c2-h2-r1-f1,22,2,entrant-3,Negamax · depth 4,negamax,4,,entrant-4,Negamax · depth 6,negamax,6,,3251049141,draw,,42,3|3|3|3|3|3|2|1|5|4|4|4|5|5|5|1|1|2|2|2|2|4|1|1|2|5|4|4|5|1|6|0|0|0|0|0|0|6|6|6|6|6
85,c2-h2-r1-f2,22,2,entrant-6,MCTS · 100 simulations,mcts,,100,entrant-1,Random,random,,,1661532228,win,entrant-6,7,5|1|3|0|4|4|2
86,c2-h2-r1-f3,22,2,entrant-2,Negamax · depth 2,negamax,2,,entrant-7,MCTS · 400 simulations,mcts,,400,3679314359,win,entrant-7,28,3|3|3|5|3|5|5|2|3|3|2|1|2|2|1|0|1|5|5|2|2|1|5|4|6|6|4|4
87,c2-h2-r1-f4,22,2,entrant-8,MCTS · 800 simulations,mcts,,800,entrant-5,Negamax · depth 8,negamax,8,,2754153154,win,entrant-5,36,2|3|3|3|2|3|2|2|5|3|3|2|5|2|5|5|1|1|5|5|6|6|1|1|1|1|6|6|0|0|6|6|4|4|4|4
88,c2-h2-r2-f1,23,2,entrant-1,Random,random,,,entrant-4,Negamax · depth 6,negamax,6,,1523680314,win,entrant-4,8,6|3|4|3|6|3|0|3
89,c2-h2-r2-f2,23,2,entrant-7,MCTS · 400 simulations,mcts,,400,entrant-3,Negamax · depth 4,negamax,4,,1311750883,win,entrant-3,34,5|3|3|3|1|3|5|3|3|5|1|1|5|1|1|5|1|5|4|2|4|2|2|2|6|6|6|0|0|4|4|4|2|4
90,c2-h2-r2-f3,23,2,entrant-8,MCTS · 800 simulations,mcts,,800,entrant-6,MCTS · 100 simulations,mcts,,100,1142083735,win,entrant-8,31,3|6|4|2|3|3|2|2|4|0|3|0|4|4|0|6|2|6|6|4|0|2|3|4|0|0|6|3|1|5|5
91,c2-h2-r2-f4,23,2,entrant-5,Negamax · depth 8,negamax,8,,entrant-2,Negamax · depth 2,negamax,2,,4288400694,win,entrant-5,39,3|3|3|3|3|3|2|4|4|4|4|2|2|2|2|4|2|1|6|6|1|1|1|6|4|6|6|1|6|1|5|0|0|0|0|0|0|5|5
92,c2-h2-r3-f1,24,2,entrant-7,MCTS · 400 simulations,mcts,,400,entrant-4,Negamax · depth 6,negamax,6,,2246519661,win,entrant-7,39,3|3|3|3|2|4|0|1|3|4|2|2|0|2|0|0|4|4|4|2|2|3|6|0|6|4|6|6|6|6|0|5|1|1|1|1|1|5|5
93,c2-h2-r3-f2,24,2,entrant-1,Random,random,,,entrant-8,MCTS · 800 simulations,mcts,,800,2365119962,win,entrant-8,8,3|4|0|4|3|4|5|4
94,c2-h2-r3-f3,24,2,entrant-5,Negamax · depth 8,negamax,8,,entrant-3,Negamax · depth 4,negamax,4,,1532525070,win,entrant-5,39,3|3|3|3|3|3|2|4|4|4|4|2|2|2|2|4|2|1|6|6|1|1|1|1|4|6|6|1|5|0|0|0|0|0|0|6|6|5|5
95,c2-h2-r3-f4,24,2,entrant-2,Negamax · depth 2,negamax,2,,entrant-6,MCTS · 100 simulations,mcts,,100,2673562258,win,entrant-2,31,3|3|3|5|3|5|5|2|3|3|2|1|2|5|2|2|5|1|1|4|1|1|2|1|5|6|6|6|6|4|4
96,c2-h2-r4-f1,25,2,entrant-4,Negamax · depth 6,negamax,6,,entrant-8,MCTS · 800 simulations,mcts,,800,2675767429,win,entrant-4,31,3|4|3|3|3|4|3|4|4|1|4|1|1|4|3|1|1|5|1|2|2|6|6|6|6|6|6|0|0|0|0
97,c2-h2-r4-f2,25,2,entrant-7,MCTS · 400 simulations,mcts,,400,entrant-5,Negamax · depth 8,negamax,8,,3064450168,win,entrant-5,26,4|3|3|3|4|3|4|4|1|3|3|4|1|4|6|6|1|1|6|6|1|5|6|5|5|5
98,c2-h2-r4-f3,25,2,entrant-2,Negamax · depth 2,negamax,2,,entrant-1,Random,random,,,2346626289,win,entrant-2,11,3|2|2|4|3|2|4|2|4|5|5
99,c2-h2-r4-f4,25,2,entrant-3,Negamax · depth 4,negamax,4,,entrant-6,MCTS · 100 simulations,mcts,,100,4267064913,win,entrant-6,22,3|3|3|3|3|1|3|1|1|0|1|4|0|4|1|1|4|5|4|2|2|2
100,c2-h2-r5-f1,26,2,entrant-5,Negamax · depth 8,negamax,8,,entrant-4,Negamax · depth 6,negamax,6,,1160375672,draw,,42,3|3|3|3|3|3|2|1|1|1|1|4|1|4|4|2|2|5|5|5|5|5|5|1|2|2|2|4|4|4|0|0|0|0|0|0|6|6|6|6|6|6
101,c2-h2-r5-f2,26,2,entrant-2,Negamax · depth 2,negamax,2,,entrant-8,MCTS · 800 simulations,mcts,,800,812395321,win,entrant-2,31,3|3|3|6|3|5|3|3|5|1|1|1|1|0|1|5|5|6|6|4|4|0|5|0|0|4|4|6|4|5|6
102,c2-h2-r5-f3,26,2,entrant-6,MCTS · 100 simulations,mcts,,100,entrant-7,MCTS · 400 simulations,mcts,,400,3262785425,win,entrant-7,32,2|2|2|3|3|3|2|2|4|3|4|4|4|3|3|1|4|6|6|0|1|2|1|1|4|1|1|0|6|0|0|0
103,c2-h2-r5-f4,26,2,entrant-3,Negamax · depth 4,negamax,4,,entrant-1,Random,random,,,593095779,win,entrant-3,19,3|6|3|3|3|3|3|1|1|4|4|4|4|0|4|0|2|2|2
104,c2-h2-r6-f1,27,2,entrant-2,Negamax · depth 2,negamax,2,,entrant-4,Negamax · depth 6,negamax,6,,2435396590,win,entrant-2,39,3|3|3|3|3|3|2|1|1|1|1|4|2|1|2|2|2|2|1|4|4|4|4|4|0|5|0|0|0|6|6|0|6|0|6|6|6|5|5
105,c2-h2-r6-f2,27,2,entrant-6,MCTS · 100 simulations,mcts,,100,entrant-5,Negamax · depth 8,negamax,8,,897693964,win,entrant-5,20,1|3|5|3|1|3|3|3|6|1|0|1|2|4|6|4|1|5|2|2
106,c2-h2-r6-f3,27,2,entrant-3,Negamax · depth 4,negamax,4,,entrant-8,MCTS · 800 simulations,mcts,,800,1208223062,win,entrant-3,39,3|3|3|2|3|2|3|3|2|0|2|0|2|2|0|5|5|0|6|6|6|6|5|5|5|0|5|6|0|1|1|1|1|1|1|4|6|4|4
107,c2-h2-r6-f4,27,2,entrant-7,MCTS · 400 simulations,mcts,,400,entrant-1,Random,random,,,2833963249,win,entrant-7,7,3|6|2|5|1|5|0
108,c2-h2-r7-f1,28,2,entrant-4,Negamax · depth 6,negamax,6,,entrant-6,MCTS · 100 simulations,mcts,,100,2227914041,win,entrant-4,23,3|0|3|3|3|6|3|1|3|5|1|6|6|1|1|0|0|2|2|2|2|5|2
109,c2-h2-r7-f2,28,2,entrant-3,Negamax · depth 4,negamax,4,,entrant-2,Negamax · depth 2,negamax,2,,2336152795,win,entrant-3,39,3|3|3|3|3|3|2|4|4|4|4|2|2|2|2|4|2|1|1|1|1|1|6|6|6|6|4|6|6|1|5|0|0|0|0|0|0|5|5
110,c2-h2-r7-f3,28,2,entrant-5,Negamax · depth 8,negamax,8,,entrant-1,Random,random,,,540500896,win,entrant-5,7,3|2|3|6|3|1|3
111,c2-h2-r7-f4,28,2,entrant-7,MCTS · 400 simulations,mcts,,400,entrant-8,MCTS · 800 simulations,mcts,,800,1572075363,win,entrant-7,27,3|2|2|3|2|3|2|2|3|0|0|5|3|5|5|5|3|4|1|4|4|2|1|1|1|4|4
